<?xml version="1.0" encoding="utf-8"?><feed xmlns="http://www.w3.org/2005/Atom" ><generator uri="https://jekyllrb.com/" version="4.3.2">Jekyll</generator><link href="http://localhost:4000/feed.xml" rel="self" type="application/atom+xml" /><link href="http://localhost:4000/" rel="alternate" type="text/html" /><updated>2023-12-15T09:59:00+11:00</updated><id>http://localhost:4000/feed.xml</id><title type="html">Shahid Hussain</title><subtitle>Hey there! My name is Shahid. I&apos;m a final-year student at the University of New South Wales.</subtitle><author><name>Shahid Hussain</name><email>shahid.hussain0120@gmail.com</email></author></feed>